model,fold,acc,acc_ci_lo,acc_ci_hi,prec,rec,f1,fnr,fpr,tp,tn,fp,fn
Naive Bayes,0,0.977191732002851,0.9709807441091739,0.9820978920673279,0.9776915615906887,0.9609151572926596,0.9692307692307691,0.03908484270734033,0.01309049516220831,1008,1734,23,41
Naive Bayes,1,0.9665003563791874,0.9591787724045602,0.9725463469046562,0.9631425800193987,0.9466158245948523,0.9548076923076922,0.05338417540514776,0.021627774615822423,993,1719,38,56
Naive Bayes,2,0.9732715609408411,0.9666257636601214,0.9786232496650427,0.9765166340508806,0.9513822688274547,0.963785610816031,0.04861773117254528,0.013659647125782584,998,1733,24,51
Naive Bayes,3,0.9754098360655737,0.9689965868692979,0.980523129829323,0.981335952848723,0.9523355576739753,0.9666182873730044,0.047664442326024785,0.010813887307911212,999,1738,19,50
Naive Bayes,4,0.9707769066286529,0.9638722439030082,0.9763942821531225,0.9717348927875243,0.9495238095238095,0.9605009633911368,0.05047619047619047,0.01651480637813212,997,1727,29,53
Naive Bayes,5,0.9732715609408411,0.9666257636601214,0.9786232496650427,0.9718992248062015,0.9561487130600572,0.9639596347909659,0.0438512869399428,0.016505406943653957,1003,1728,29,46
Naive Bayes,6,0.9743406985032074,0.9678098642110036,0.9795745008008887,0.9701636188642926,0.9609151572926596,0.9655172413793103,0.03908484270734033,0.017643710870802503,1008,1726,31,41
Naive Bayes,7,0.9693513898788311,0.9623042189386898,0.9751151715351362,0.9697560975609756,0.9475691134413727,0.9585342333654773,0.052430886558627265,0.017643710870802503,994,1726,31,55
Naive Bayes,8,0.9704205274411974,0.9634798856909298,0.9760748564696248,0.9735294117647059,0.9466158245948523,0.9598840019333011,0.05338417540514776,0.015367103016505406,993,1730,27,56
Naive Bayes,9,0.9714896650035638,0.9646576891218932,0.97703240472539,0.9754901960784313,0.9476190476190476,0.961352657004831,0.05238095238095238,0.014236902050113895,995,1731,25,55
Naive Bayes,10,0.9743406985032074,0.9678098642110036,0.9795745008008887,0.9674641148325359,0.9637750238322211,0.9656160458452722,0.03622497616777884,0.01935116676152533,1011,1723,34,38
Naive Bayes,11,0.9729151817533856,0.9662316198481633,0.9783056095814247,0.9793103448275862,0.9475691134413727,0.9631782945736435,0.052430886558627265,0.01195219123505976,994,1736,21,55
Naive Bayes,12,0.9679258731290092,0.9607398045251975,0.9738324503663237,0.9733464955577492,0.9399428026692088,0.9563530552861299,0.06005719733079123,0.015367103016505406,986,1730,27,63
Naive Bayes,13,0.9718460441910193,0.965050784857578,0.9773510928852813,0.9736328125,0.9504289799809342,0.9618909792571153,0.04957102001906578,0.015367103016505406,997,1730,27,52
Naive Bayes,14,0.9707769066286529,0.9638722439030082,0.9763942821531225,0.9680851063829787,0.9533333333333334,0.9606525911708254,0.04666666666666667,0.01879271070615034,1001,1723,33,49
Logistic Regression,0,0.9775481111903065,0.9713785812141466,0.9824118388579316,0.9861932938856016,0.9532888465204957,0.9694619486185168,0.04671115347950429,0.00796812749003984,1000,1743,14,49
Logistic Regression,1,0.9675694939415538,0.9603492377734465,0.9735112332224986,0.9659533073929961,0.9466158245948523,0.9561868078960039,0.05338417540514776,0.0199203187250996,993,1722,35,56
Logistic Regression,2,0.977191732002851,0.9709807441091739,0.9820978920673279,0.9814271749755621,0.9571020019065777,0.9691119691119692,0.042897998093422304,0.010813887307911212,1004,1738,19,45
Logistic Regression,3,0.9743406985032074,0.9678098642110036,0.9795745008008887,0.9775171065493646,0.9532888465204957,0.9652509652509653,0.04671115347950429,0.01309049516220831,1000,1734,23,49
Logistic Regression,4,0.970064148253742,0.9630877648064076,0.9757551934585709,0.9791666666666666,0.94,0.9591836734693877,0.06,0.011958997722095672,987,1735,21,63
Logistic Regression,5,0.9764789736279401,0.9701860976293959,0.9814689707559536,0.9776482021379981,0.9590085795996187,0.9682386910490858,0.04099142040038131,0.01309049516220831,1006,1734,23,43
Logistic Regression,6,0.9736279401282965,0.9670201820547348,0.9789406151660052,0.9728419010669254,0.9561487130600572,0.964423076923077,0.0438512869399428,0.01593625498007968,1003,1729,28,46
Logistic Regression,7,0.9746970776906628,0.9682051392431172,0.9798910096643514,0.974757281553398,0.9571020019065777,0.9658489658489658,0.042897998093422304,0.014797951052931132,1004,1731,26,45
Logistic Regression,8,0.9729151817533856,0.9662316198481633,0.9783056095814247,0.9840796019900497,0.9428026692087702,0.9629990262901655,0.057197330791229746,0.00910643141718839,989,1741,16,60
Logistic Regression,9,0.9718460441910193,0.965050784857578,0.9773510928852813,0.9821251241310824,0.9419047619047619,0.9615945551774429,0.058095238095238096,0.010250569476082005,989,1738,18,61
Logistic Regression,10,0.9768353528153956,0.9705832521258576,0.981783600155068,0.9785992217898832,0.9590085795996187,0.9687048627828599,0.04099142040038131,0.012521343198634035,1006,1735,22,43
Logistic Regression,11,0.9711332858161084,0.9642648436139221,0.9767134663377848,0.9792079207920792,0.9428026692087702,0.9606605148130161,0.057197330791229746,0.01195219123505976,989,1736,21,60
Logistic Regression,12,0.970064148253742,0.9630877648064076,0.9757551934585709,0.9781962338949455,0.9408960915157293,0.9591836734693877,0.05910390848427073,0.012521343198634035,987,1735,22,62
Logistic Regression,13,0.9746970776906628,0.9682051392431172,0.9798910096643514,0.9775390625,0.9542421353670162,0.965750120598167,0.04575786463298379,0.01309049516220831,1001,1734,23,48
Logistic Regression,14,0.9768353528153956,0.9705832521258576,0.981783600155068,0.9804878048780488,0.9571428571428572,0.9686746987951806,0.04285714285714286,0.011389521640091117,1005,1736,20,45
SGD,0,0.9839629365645046,0.9786095736146921,0.9879929565777571,0.9817658349328215,0.9752144899904671,0.9784791965566715,0.02478551000953289,0.010813887307911212,1023,1738,19,26
SGD,1,0.9736279401282965,0.9670201820547348,0.9789406151660052,0.9656160458452722,0.9637750238322211,0.9646946564885496,0.03622497616777884,0.020489470688673878,1011,1721,36,38
SGD,2,0.9843193157519601,0.9790159472385928,0.9882983668494326,0.9855072463768116,0.9723546234509056,0.9788867562380038,0.027645376549094377,0.008537279453614115,1020,1742,15,29
SGD,3,0.9803991446899502,0.9745747253301166,0.9849099659065711,0.9788053949903661,0.9685414680648237,0.973646382367034,0.03145853193517636,0.012521343198634035,1016,1735,22,33
SGD,4,0.9768353528153956,0.9705832521258576,0.981783600155068,0.9749276759884281,0.9628571428571429,0.9688548155246766,0.037142857142857144,0.014806378132118452,1011,1730,26,39
SGD,5,0.9789736279401283,0.9729735443453214,0.9836640113090616,0.9714285714285714,0.9723546234509056,0.9718913768461171,0.027645376549094377,0.01707455890722823,1020,1727,30,29
SGD,6,0.9807555238774056,0.9749760674169837,0.9852204077152801,0.9742612011439467,0.9742612011439467,0.9742612011439467,0.025738798856053385,0.015367103016505406,1022,1730,27,27
SGD,7,0.9796863863150392,0.9737733187354026,0.9842878047101326,0.9714828897338403,0.9742612011439467,0.9728700618752976,0.025738798856053385,0.01707455890722823,1022,1727,30,27
SGD,8,0.9793300071275838,0.9733732326295796,0.9839761069203794,0.975071907957814,0.9694947569113441,0.9722753346080306,0.030505243088655862,0.014797951052931132,1017,1731,26,32
SGD,9,0.9814682822523164,0.9757800868899831,0.9858399560334328,0.9844660194174757,0.9657142857142857,0.975,0.03428571428571429,0.009111617312072893,1014,1740,16,36
SGD,10,0.9839629365645046,0.9786095736146921,0.9879929565777571,0.9780952380952381,0.9790276453765491,0.9785612196283945,0.020972354623450904,0.01309049516220831,1027,1734,23,22
SGD,11,0.977191732002851,0.9709807441091739,0.9820978920673279,0.9767666989351403,0.9618684461391802,0.9692603266090297,0.03813155386081983,0.013659647125782584,1009,1733,24,40
SGD,12,0.9793300071275838,0.9733732326295796,0.9839761069203794,0.978743961352657,0.9656816015252622,0.9721689059500959,0.034318398474737846,0.012521343198634035,1013,1735,22,36
SGD,13,0.9800427655024947,0.9741738127812921,0.9845990945598192,0.972407231208373,0.9742612011439467,0.9733333333333335,0.025738798856053385,0.016505406943653957,1022,1728,29,27
SGD,14,0.9793300071275838,0.9733732326295796,0.9839761069203794,0.9769230769230769,0.9676190476190476,0.9722488038277513,0.03238095238095238,0.01366742596810934,1016,1732,24,34
Decision Tree,0,0.9183891660727014,0.9076781563275201,0.9279561370789126,0.8700361010830325,0.9189704480457579,0.8938340287436254,0.08102955195424213,0.08195788275469551,964,1613,144,85
Decision Tree,1,0.9158945117605132,0.9050477364892205,0.9256040696481788,0.8719121683440073,0.9084842707340324,0.8898225957049486,0.09151572926596759,0.0796812749003984,953,1617,140,96
Decision Tree,2,0.9208838203848895,0.9103113632904891,0.9303054173849765,0.8755676657584015,0.9189704480457579,0.8967441860465117,0.08102955195424213,0.07797381900967558,964,1620,137,85
Decision Tree,3,0.924447612259444,0.9140781632281972,0.9336564564030304,0.8871415356151712,0.9142040038131554,0.9004694835680752,0.08579599618684461,0.06943653955606147,959,1635,122,90
Decision Tree,4,0.9126870990734142,0.9016696845882625,0.9225760664889514,0.8716528162511542,0.8990476190476191,0.8851383028598219,0.10095238095238095,0.07915717539863326,944,1617,139,106
Decision Tree,5,0.9187455452601568,0.908054155399448,0.9282919219025608,0.8790397045244691,0.9075309818875119,0.8930581613508444,0.09246901811248809,0.07455890722822994,952,1626,131,97
Decision Tree,6,0.913399857448325,0.9024199920379333,0.9232493268304326,0.8704044117647058,0.9027645376549094,0.8862891904539073,0.09723546234509056,0.08025042686397268,947,1616,141,102
Decision Tree,7,0.9219529579472558,0.9114407632858924,0.9313113690763019,0.9021317829457365,0.8875119161105816,0.8947621335896205,0.1124880838894185,0.05748434832100171,931,1656,101,118
Decision Tree,8,0.9158945117605132,0.9050477364892205,0.9256040696481788,0.8795518207282913,0.897998093422307,0.8886792452830189,0.10200190657769304,0.07342060330108138,942,1628,129,107
Decision Tree,9,0.9208838203848895,0.9103113632904891,0.9303054173849765,0.8833333333333333,0.9085714285714286,0.895774647887324,0.09142857142857143,0.07175398633257403,954,1630,126,96
Decision Tree,10,0.9201710620099787,0.9095587271917465,0.9296344856925671,0.8895184135977338,0.897998093422307,0.8937381404174572,0.10200190657769304,0.0665907797381901,942,1640,117,107
Decision Tree,11,0.9130434782608695,0.9020448122241701,0.9229127227486197,0.8635953026196929,0.9113441372735939,0.8868274582560297,0.0886558627264061,0.08594194649971543,956,1606,151,93
Decision Tree,12,0.9087669280114041,0.8975466441061954,0.9188694841196803,0.8702147525676938,0.888465204957102,0.879245283018868,0.111534795042898,0.07911212293682413,932,1618,139,117
Decision Tree,13,0.924447612259444,0.9140781632281972,0.9336564564030304,0.8922211808809747,0.9075309818875119,0.8998109640831758,0.09246901811248809,0.06545247581104155,952,1642,115,97
Decision Tree,14,0.9226657163221668,0.9121939981744321,0.9319817019789146,0.8824609733700642,0.9152380952380952,0.8985507246376813,0.08476190476190476,0.07289293849658314,961,1628,128,89
Random Forest,0,0.9718460441910193,0.965050784857578,0.9773510928852813,0.9507434944237918,0.9752144899904671,0.9628235294117646,0.02478551000953289,0.03016505406943654,1023,1704,53,26
Random Forest,1,0.9682822523164647,0.9611305825551071,0.9741534562319902,0.9428044280442804,0.9742612011439467,0.9582747304266293,0.025738798856053385,0.035287421741605006,1022,1695,62,27
Random Forest,2,0.9704205274411974,0.9634798856909298,0.9760748564696248,0.9565217391304348,0.9647283126787417,0.960607498813479,0.03527168732125834,0.02618099032441662,1012,1711,46,37
Random Forest,3,0.9768353528153956,0.9705832521258576,0.981783600155068,0.963276836158192,0.9752144899904671,0.9692089057318806,0.02478551000953289,0.0221969265793967,1023,1718,39,26
Random Forest,4,0.9739843193157519,0.9674148803915494,0.9792577007247667,0.9604147031102733,0.9704761904761905,0.965419232591189,0.029523809523809525,0.023917995444191344,1019,1714,42,31
Random Forest,5,0.9732715609408411,0.9666257636601214,0.9786232496650427,0.9534450651769087,0.9761677788369876,0.9646726330664156,0.023832221163012392,0.028457598178713718,1024,1707,50,25
Random Forest,6,0.9761225944404847,0.9697892732677971,0.9811540112219763,0.9588785046728971,0.9780743565300286,0.9683813119395942,0.0219256434699714,0.02504268639726807,1026,1713,44,23
Random Forest,7,0.9704205274411974,0.9634798856909298,0.9760748564696248,0.9591254752851711,0.9618684461391802,0.9604950023798192,0.03813155386081983,0.024473534433693798,1009,1714,43,40
Random Forest,8,0.9697077690662865,0.9626958771999035,0.9754352971694986,0.9521575984990619,0.9675881792183031,0.9598108747044917,0.032411820781696854,0.02902675014228799,1015,1706,51,34
Random Forest,9,0.9711332858161084,0.9642648436139221,0.9767134663377848,0.955785512699906,0.9676190476190476,0.9616658778987223,0.03238095238095238,0.026765375854214124,1016,1709,47,34
Random Forest,10,0.9786172487526729,0.9725742441827013,0.9833515275761052,0.967833491012299,0.9752144899904671,0.9715099715099715,0.02478551000953289,0.01935116676152533,1023,1723,34,26
Random Forest,11,0.9654312188168211,0.9580100940817493,0.9715796735407387,0.948210922787194,0.9599618684461392,0.9540502131691142,0.04003813155386082,0.03130335799658509,1007,1702,55,42
Random Forest,12,0.9722024233784747,0.9654441353898685,0.977669526248567,0.9610636277302944,0.9647283126787417,0.9628924833491912,0.03527168732125834,0.02333523050654525,1012,1716,41,37
Random Forest,13,0.9750534568781183,0.9686007114167253,0.9802072213863194,0.9587628865979382,0.9752144899904671,0.9669187145557655,0.02478551000953289,0.02504268639726807,1023,1713,44,26
Random Forest,14,0.9739843193157519,0.9674148803915494,0.9792577007247667,0.9569691300280636,0.9742857142857143,0.9655497876356772,0.025714285714285714,0.02619589977220957,1023,1710,46,27
MLP,0,0.9828937990021382,0.9773938258700421,0.9870733526356785,0.9771210676835081,0.9771210676835081,0.9771210676835081,0.022878932316491896,0.013659647125782584,1025,1733,24,24
MLP,1,0.9750534568781183,0.9686007114167253,0.9802072213863194,0.9666348903717826,0.9666348903717826,0.9666348903717826,0.03336510962821735,0.0199203187250996,1014,1722,35,35
MLP,2,0.9846756949394155,0.9794229137924173,0.9886031841911842,0.9818007662835249,0.9771210676835081,0.9794553272814143,0.022878932316491896,0.010813887307911212,1025,1738,19,24
MLP,3,0.9814682822523164,0.9757800868899831,0.9858399560334328,0.9807135969141755,0.9694947569113441,0.9750719079578141,0.030505243088655862,0.011383039271485486,1017,1737,20,32
MLP,4,0.9761225944404847,0.9697892732677971,0.9811540112219763,0.9676498572787822,0.9685714285714285,0.9681104236078059,0.03142857142857143,0.0193621867881549,1017,1722,34,33
MLP,5,0.9782608695652174,0.9721753228364717,0.9830386650267587,0.9686907020872866,0.9733079122974261,0.9709938183547312,0.02669208770257388,0.018782014797951052,1021,1724,33,28
MLP,6,0.9814682822523164,0.9757800868899831,0.9858399560334328,0.9725118483412323,0.9780743565300286,0.9752851711026618,0.0219256434699714,0.016505406943653957,1026,1728,29,23
MLP,7,0.9800427655024947,0.9741738127812921,0.9845990945598192,0.9688385269121813,0.9780743565300286,0.9734345351043644,0.0219256434699714,0.018782014797951052,1026,1724,33,23
MLP,8,0.9821810406272273,0.9765859701374406,0.9864576405771277,0.9761677788369876,0.9761677788369876,0.9761677788369876,0.023832221163012392,0.014228799089356859,1024,1732,25,25
MLP,9,0.9800427655024947,0.9741738127812921,0.9845990945598192,0.9788053949903661,0.9676190476190476,0.9731800766283525,0.03238095238095238,0.012528473804100227,1016,1734,22,34
MLP,10,0.9836065573770492,0.9782037739827021,0.987686972314171,0.9753554502369668,0.9809342230695901,0.9781368821292775,0.019065776930409915,0.014797951052931132,1029,1731,26,20
MLP,11,0.9793300071275838,0.9733732326295796,0.9839761069203794,0.9741626794258373,0.9704480457578646,0.9723018147086915,0.029551954242135366,0.015367103016505406,1018,1730,27,31
MLP,12,0.9782608695652174,0.9721753228364717,0.9830386650267587,0.980544747081712,0.9609151572926596,0.9706307173808377,0.03908484270734033,0.011383039271485486,1008,1737,20,41
MLP,13,0.9814682822523164,0.9757800868899831,0.9858399560334328,0.9743101807802094,0.9761677788369876,0.9752380952380952,0.023832221163012392,0.015367103016505406,1024,1730,27,25
MLP,14,0.9775481111903065,0.9713785812141466,0.9824118388579316,0.9677725118483412,0.9723809523809523,0.9700712589073633,0.02761904761904762,0.0193621867881549,1021,1722,34,29
XGBoost,0,0.966143977191732,0.9587890184128753,0.972224317000765,0.9474671669793621,0.9628217349857007,0.9550827423167849,0.037178265014299335,0.03187250996015936,1010,1701,56,39
XGBoost,1,0.9597291518175338,0.9518043185034806,0.9663969067897886,0.9325323475046211,0.9618684461391802,0.9469732519943689,0.03813155386081983,0.04154809334092203,1009,1684,73,40
XGBoost,2,0.9675694939415538,0.9603492377734465,0.9735112332224986,0.9510357815442562,0.9628217349857007,0.956892468024633,0.037178265014299335,0.029595902105862264,1010,1705,52,39
XGBoost,3,0.9693513898788311,0.9623042189386898,0.9751151715351362,0.9538171536286523,0.9647283126787417,0.9592417061611376,0.03527168732125834,0.027888446215139442,1012,1708,49,37
XGBoost,4,0.9632929436920884,0.9556777897087464,0.9696412745402846,0.9454374412041392,0.9571428571428572,0.9512541410317085,0.04285714285714286,0.03302961275626424,1005,1698,58,45
XGBoost,5,0.966143977191732,0.9587890184128753,0.972224317000765,0.9449626865671642,0.9656816015252622,0.9552098066949553,0.034318398474737846,0.03357996585088219,1013,1698,59,36
XGBoost,6,0.9654312188168211,0.9580100940817493,0.9715796735407387,0.9456928838951311,0.9628217349857007,0.954180444024563,0.037178265014299335,0.033010813887307915,1010,1699,58,39
XGBoost,7,0.9675694939415538,0.9603492377734465,0.9735112332224986,0.9527410207939508,0.9609151572926596,0.9568106312292359,0.03908484270734033,0.028457598178713718,1008,1707,50,41
XGBoost,8,0.9672131147540983,0.9599588789776247,0.9731898081227442,0.9501411100658513,0.9628217349857007,0.9564393939393939,0.037178265014299335,0.03016505406943654,1010,1704,53,39
XGBoost,9,0.9657875980042766,0.958399459942125,0.9719020915759393,0.952561669829222,0.9561904761904761,0.9543726235741444,0.04380952380952381,0.02847380410022779,1004,1706,50,46
XGBoost,10,0.9714896650035638,0.9646576891218932,0.97703240472539,0.9532273152478953,0.9714013346043852,0.9622285174693107,0.028598665395614873,0.028457598178713718,1019,1707,50,30
XGBoost,11,0.9672131147540983,0.9599588789776247,0.9731898081227442,0.9492957746478873,0.9637750238322211,0.9564806054872279,0.03622497616777884,0.030734206033010813,1011,1703,54,38
XGBoost,12,0.9632929436920884,0.9556777897087464,0.9696412745402846,0.9428838951310862,0.9599618684461392,0.9513462446858763,0.04003813155386082,0.03471826977803073,1007,1696,61,42
XGBoost,13,0.9689950106913756,0.961912786202172,0.9747948203760778,0.9520676691729323,0.9656816015252622,0.9588263132986274,0.034318398474737846,0.02902675014228799,1013,1706,51,36
XGBoost,14,0.9675694939415538,0.9603492377734465,0.9735112332224986,0.9468779123951537,0.9676190476190476,0.9571361281205841,0.03238095238095238,0.03246013667425968,1016,1699,57,34
